{
  "_fv": 57,
  "_type": "tool",
  "definition": {
    "toolType": "Pickaxe",
    "renderType": 0,
    "blockingRenderType": 0,
    "texture": "chatgpt_image_26_juil._2025_18_27_36",
    "customModelName": "Normal",
    "blockingModelName": "Normal blocking",
    "name": "Obscutanium Pickaxe",
    "specialInformation": {
      "fixedValue": []
    },
    "creativeTab": {
      "value": "CUSTOM:EldoradoCore"
    },
    "harvestLevel": 5,
    "efficiency": 16.0,
    "attackSpeed": 1.0,
    "enchantability": 14,
    "damageVsEntity": 2.0,
    "usageCount": 250,
    "blocksAffected": [],
    "glowCondition": {
      "fixedValue": false
    },
    "repairItems": [
      {
        "value": "Items.NETHERITE_PICKAXE"
      }
    ],
    "immuneToFire": false,
    "stayInGridWhenCrafting": false,
    "damageOnCrafting": false
  }
}